fr_id,title,must_implement,acceptance_observation,status,owner_role,tc_refs
FR-01,任务草稿,从自然语言或结构化工况创建任务；缺失输入显式阻塞，禁止补猜。,创建含缺项任务，必须列明字段和责任人。,DESIGNED,R2,
FR-02,输入身份,原始 .sim、工况表、方法和来源均版本化；业务参数指向来源。,同名不同文件不能被当作同一输入。,DESIGNED,R2,
FR-03,适用域,按已发布能力包检查构型、工况、物理组合与用途。,范围外任务拒绝正式求解并说明原因。,DESIGNED,R4/R2,
FR-04,单位与压力语义,区分绝压/表压、总压/静压；转换有来源，坐标系明确。,没有参考压力的表压输入不得进入准备。,DESIGNED,R2,
FR-05,工况矩阵,1—2个预制方案 × 1—3个工况；典型A/B共六个逻辑Run。,任务矩阵无重复、遗漏；对比工况一一匹配。,DESIGNED,R2,
FR-06,受控准备,在独立副本写入白名单字段；准备作业不进行正式求解。,批准模板哈希不变；准备失败可定位。,DESIGNED,R3,
FR-07,真实回读,从实际软件读取已生效设置、模型及指标定义，记录差异。,写入被忽略、旧缓存或边界错误都能被检测。,DESIGNED,R3,
FR-08,人工运行授权,工程师在可信面板确认准备摘要、方法和资源预算。,Agent凭据、过期摘要均不能取得授权。,DESIGNED,R2/R6,
FR-09,持久提交,授权后持久入队，幂等返回同一任务；会话退出不取消作业。,超时重发不重复创建求解器。,DESIGNED,R2,
FR-10,资源与许可证,按节点、项目与批准配额排队；许可证不足等待而非绕过。,最多占用批准并发；无证时不产生伪结果。,DESIGNED,R2/R3,
FR-11,进度与事件,从执行层显示真实阶段、心跳、日志位置和待处理事项。,断开DSH后重新进入可见相同状态与事件。,DESIGNED,R2/R6,
FR-12,受控取消,取消为异步请求，全部受控子进程退出后才显示已取消。,无法证实退出标记LOST，不释放为可重跑。,DESIGNED,R2/R3,
FR-13,补算与恢复,同输入重试新增attempt；输入变化必须新修订；恢复动作有上限。,旧尝试保留、无无限重试、超预算阻塞。,DESIGNED,R2,
FR-14,定量指标,结构化提取压损、出口流量、守恒及监控量；定义随数据保存。,缺值为null且标为缺失，不填0或估算值。,DESIGNED,R5,
FR-15,数值检查,确定性检查身份、回读、守恒、监控稳定性与批准网格策略。,程序成功与数值通过分别判定。,DESIGNED,R5,
FR-16,适用性状态,独立记录IN_SCOPE/OUT_OF_SCOPE/UNCONFIRMED。,没有方法适用证据不能显示为可用设计结论。,DESIGNED,R4/R5,
FR-17,冻结证据,归档输入、原始结果、设置、规则、指标、报告与摘要清单。,提交后不可覆盖；改动使校验失败。,DESIGNED,R5,
FR-18,有据报告,确定性填表；模型仅解释有证据的指标，缺项和限制单独列出。,每个定量结论能展开至原始artifact。,DESIGNED,R5,
FR-19,提交审查,指定审查人接收冻结包；未提交的工作草稿不冒充正式交付。,审查绑定明确任务修订和bundle摘要。,DESIGNED,R2,
FR-20,审查追溯,审查人可查看原始数据、实际设置及派生指标复算记录。,抽查一个数字，不必向执行人另索文件。,DESIGNED,R2/R5,
FR-21,整改闭环,问题有责任人、关闭判据、回复及证据；关闭需审查人确认。,答复文本本身不能自动关闭阻塞问题。,DESIGNED,R2,
FR-22,人工决定,接受/退回/拒绝仅限指定审查人可信会话；不可自行验收。,阻塞未清、包过期、Agent代签均拒绝。,DESIGNED,R2/R6,
FR-23,变更影响,新修订使旧结果对新输入失效；保留旧批准历史且标明适用版本。,旧包不能继续批准新修订；首版不跨修订自动复用结果。,DESIGNED,R2,
FR-24,权限分离,项目级数据隔离；执行、审查、能力发布与节点管理职责分开。,不能伪造owner_id、跨项目读取或修改正式包。,DESIGNED,R2,
FR-25,有限知识检索,只检索当前授权域中已发布方法、案例和失败说明。,草稿知识、其他项目材料不能进入正式建议。,DESIGNED,R4,
FR-26,经验候选,任务结束生成候选案例/规则，由能力Owner审核后再发布。,自动生成的经验不能直接改变生产能力包。,DESIGNED,R4,
FR-27,版本基线,锁定DSH、模型配置、适配器、规则与能力包；升级有回归和回退。,版本不在兼容清单时禁止真实运行。,DESIGNED,R3/R2,
FR-28,备份与交接,任务、附件及审查记录可恢复；新接手人能查询未完成事项。,完成一次数据库与证据存储联合恢复演练。,DESIGNED,管理员/R2,
FR-29,两张DSH工作台,工程师看需要我做什么；审查人看阻止接受什么；证据按需展开。,除专业检查外，主流程不要求用户编辑脚本或SQL。,DESIGNED,R6,
FR-30,可观测与价值测量,记录人工时间、重算、排队、异常、验收和复用；统计不代替专业判断。,同任务质量口径下核算总人工投入。,DESIGNED,R1/R5,
FR-31,失败不冒充成功,MOCK、缺证据、未知状态在界面、报告与接口中始终可区分。,失败注入中不得出现错误接受。,DESIGNED,R5/R6,
FR-32,离线与契约,网络仅白名单；客户端不得提交任意命令、任意路径或未支持操作。,离线安装/运行探针通过；注入载荷被拒绝。,DESIGNED,R3/R2,
